개설강좌,,,,,,,,,,,,,,,,,
,,,,,,,,,,,,,,,,,
NO,개설전공,개설과정,과목번호,분반,교과목명,담당교수,이수구분,과목세부구분,강의실습구분,교과분야,교과영역,성적부여방법,학점,이론시수,실습시수,요일/교시/강의실,비고
1,기초학부,학사,BS606,01,시스템 뇌과학 개론 (이),"문제일, 김은경, 이성배, 장익수, 백명인, 이효상, 최한경, 전현애, 유우경, 유성운, 오용석",교선필수,교과,이론,기초공학,MIREBraiN,등급,4.0,4.0,0.0,"화09:30-11:30(E4 - 114), 금09:30-11:30(E4 - 114)",영어강의(Delivered in English)
2,기초학부,학사,BS608,01,뇌질환 및 뇌의 질병 (이),"이성배, 김은경, 서병창, 서진수, 오용석, 최한경, 전현애, 유성운",교선필수,교과,이론,기초공학,MIREBraiN,등급,4.0,4.0,0.0,"월09:30-11:30(E4 - 114), 수09:30-11:30(E4 - 114)",영어강의(Delivered in English)
3,기초학부,학사,BS743,01,발생생물학 (이) ,"백명인, 김경진, 유성운, 최한경",교선필수,교과,이론,기초공학,MIREBraiN,등급,3.0,3.0,0.0,목15:00-18:00(E4 - 114),영어강의(Delivered in English)
4,기초학부,학사,BS900,01,Thesis (이.공),장익수,교선필수,연구(Thesis),이론,기초공학,MIREBraiN,S/U,1.0,5.0,0.0,금09:00-14:00(E7 - 233),
5,기초학부,학사,BS900,02,Thesis (이.공),문제일,교선필수,연구(Thesis),이론,기초공학,MIREBraiN,S/U,1.0,5.0,0.0,금09:00-14:00(E7 - 233),
6,기초학부,학사,BS900,03,Thesis (이.공),유성운,교선필수,연구(Thesis),이론,기초공학,MIREBraiN,S/U,1.0,5.0,0.0,금09:00-14:00(E7 - 233),
7,기초학부,학사,BS900,04,Thesis (이.공),김은경,교선필수,연구(Thesis),이론,기초공학,MIREBraiN,S/U,1.0,5.0,0.0,금09:00-14:00(E7 - 233),
8,기초학부,학사,BS900,05,Thesis (이.공),서병창,교선필수,연구(Thesis),이론,기초공학,MIREBraiN,S/U,1.0,5.0,0.0,금09:00-14:00(E7 - 233),
9,기초학부,학사,BS900,06,Thesis (이.공),김규형,교선필수,연구(Thesis),이론,기초공학,MIREBraiN,S/U,1.0,5.0,0.0,금09:00-14:00(E7 - 233),
10,기초학부,학사,BS900,07,Thesis (이.공),고재원,교선필수,연구(Thesis),이론,기초공학,MIREBraiN,S/U,1.0,5.0,0.0,금09:00-14:00(E7 - 233),
11,기초학부,학사,BS900,08,Thesis (이.공),엄지원,교선필수,연구(Thesis),이론,기초공학,MIREBraiN,S/U,1.0,5.0,0.0,,
12,기초학부,학사,BS900,09,Thesis (이.공),이성배,교선필수,연구(Thesis),이론,기초공학,MIREBraiN,S/U,1.0,5.0,0.0,,
13,기초학부,학사,BS900,10,Thesis (이.공),오용석,교선필수,연구(Thesis),이론,기초공학,MIREBraiN,S/U,1.0,5.0,0.0,금09:00-14:00(E7 - 233),
14,기초학부,학사,BS900,11,Thesis (이.공),이효상,교선필수,연구(Thesis),이론,기초공학,MIREBraiN,S/U,1.0,5.0,0.0,금09:00-14:00(E7 - 233),
15,기초학부,학사,BS900,12,Thesis (이.공),최한경,교선필수,연구(Thesis),이론,기초공학,MIREBraiN,S/U,1.0,5.0,0.0,금09:00-14:00(E7 - 233),
16,기초학부,학사,BS900,13,Thesis (이.공),전현애,교선필수,연구(Thesis),이론,기초공학,MIREBraiN,S/U,1.0,5.0,0.0,금09:00-14:00(E7 - 233),
17,기초학부,학사,BS900,14,Thesis (이.공),유우경,교선필수,연구(Thesis),이론,기초공학,MIREBraiN,S/U,1.0,5.0,0.0,금09:00-14:00(E7 - 233),
18,기초학부,학사,BS900,15,Thesis (이.공),서진수,교선필수,연구(Thesis),이론,기초공학,MIREBraiN,S/U,1.0,5.0,0.0,금09:00-14:00(E7 - 233),
19,기초학부,학사,BS900,16,Thesis (이.공),백명인,교선필수,연구(Thesis),이론,기초공학,MIREBraiN,S/U,1.0,5.0,0.0,금09:00-14:00(E7 - 233),
20,기초학부,학사,CR522,01,융복합 생리학(이.공),"이정협, 문제일, 최홍수, 이창훈, 한형수, 이기준, 오용석, 조희섭, 이성배",교선필수,교과,이론,기초공학,MIREBraiN,등급,3.0,3.0,0.0,목09:00-12:00(E3 - 112),
21,기초학부,학사,CR527,01,융복합 영상학 개론 (이.공),"송철, 문대원, 박상현, 이종찬, 이기준, 황재윤",교선필수,교과,이론,기초공학,MIREBraiN,등급,3.0,3.0,0.0,목13:00-16:00(E5 - 115),영어강의(Delivered in English)
22,기초학부,학사,EM620,01,고급 고체물리학 Ⅰ (이.공),홍정일,교선필수,교과,이론,기초공학,MIREBraiN,등급,3.0,3.0,0.0,"화15:00-16:30(E2 - 324), 목15:00-16:30(E2 - 324)",영어강의(Delivered in English)
23,기초학부,학사,EM675,01,고급 무기화학 Ⅰ (이.공),조재흥,교선필수,교과,이론,기초공학,MIREBraiN,등급,3.0,3.0,0.0,"화13:30-15:00(E2 - 424), 목13:30-15:00(E2 - 424)",영어강의(Delivered in English)
24,기초학부,학사,EM713,01,자성체소재(이.공),김철기,교선필수,교과,이론,기초공학,MIREBraiN,등급,3.0,3.0,0.0,"화09:00-10:30(E2 - 424), 목09:00-10:30(E2 - 424)",영어강의(Delivered in English)
25,기초학부,학사,EM725,01,고급양자역학Ⅱ(이),이재동,교선필수,교과,이론,기초공학,MIREBraiN,등급,3.0,3.0,0.0,"화10:30-12:00(E2 - 324), 목10:30-12:00(E2 - 324)",영어강의(Delivered in English)
26,기초학부,학사,EM900,01,Thesis (이.공),강준구,교선필수,연구(Thesis),이론,기초공학,MIREBraiN,S/U,1.0,5.0,0.0,금09:00-14:00(E7 - 233),
27,기초학부,학사,EM900,02,Thesis (이.공),김철기,교선필수,연구(Thesis),이론,기초공학,MIREBraiN,S/U,1.0,5.0,0.0,금09:00-14:00(E7 - 233),
28,기초학부,학사,EM900,03,Thesis (이.공),김칠민,교선필수,연구(Thesis),이론,기초공학,MIREBraiN,S/U,1.0,5.0,0.0,금09:00-14:00(E7 - 233),
29,기초학부,학사,EM900,04,Thesis (이.공),박진희,교선필수,연구(Thesis),이론,기초공학,MIREBraiN,S/U,1.0,5.0,0.0,금09:00-14:00(E7 - 233),
30,기초학부,학사,EM900,05,Thesis (이.공),서대하,교선필수,연구(Thesis),이론,기초공학,MIREBraiN,S/U,1.0,5.0,0.0,금09:00-14:00(E7 - 233),
31,기초학부,학사,EM900,06,Thesis (이.공),서정필,교선필수,연구(Thesis),이론,기초공학,MIREBraiN,S/U,1.0,5.0,0.0,금09:00-14:00(E7 - 233),
32,기초학부,학사,EM900,07,Thesis (이.공),유천열,교선필수,연구(Thesis),이론,기초공학,MIREBraiN,S/U,1.0,5.0,0.0,금09:00-14:00(E7 - 233),
33,기초학부,학사,EM900,08,Thesis (이.공),이성기,교선필수,연구(Thesis),이론,기초공학,MIREBraiN,S/U,1.0,5.0,0.0,금09:00-14:00(E7 - 233),
34,기초학부,학사,EM900,09,Thesis (이.공),이성원,교선필수,연구(Thesis),이론,기초공학,MIREBraiN,S/U,1.0,5.0,0.0,금09:00-14:00(E7 - 233),
35,기초학부,학사,EM900,10,Thesis (이.공),이신범,교선필수,연구(Thesis),이론,기초공학,MIREBraiN,S/U,1.0,5.0,0.0,금09:00-14:00(E7 - 233),
36,기초학부,학사,EM900,11,Thesis (이.공),이재동,교선필수,연구(Thesis),이론,기초공학,MIREBraiN,S/U,1.0,5.0,0.0,금09:00-14:00(E7 - 233),
37,기초학부,학사,EM900,12,Thesis (이.공),조재흥,교선필수,연구(Thesis),이론,기초공학,MIREBraiN,S/U,1.0,5.0,0.0,금09:00-14:00(E7 - 233),
38,기초학부,학사,EM900,13,Thesis (이.공),조창희,교선필수,연구(Thesis),이론,기초공학,MIREBraiN,S/U,1.0,5.0,0.0,금09:00-14:00(E7 - 233),
39,기초학부,학사,EM900,14,Thesis (이.공),홍선기,교선필수,연구(Thesis),이론,기초공학,MIREBraiN,S/U,1.0,5.0,0.0,금09:00-14:00(E7 - 233),
40,기초학부,학사,EM900,15,Thesis (이.공),홍정일,교선필수,연구(Thesis),이론,기초공학,MIREBraiN,S/U,1.0,5.0,0.0,금09:00-14:00(E7 - 233),
41,기초학부,학사,ES601,01,열역학 (이.공) ,정대성,교선필수,교과,이론,기초공학,MIREBraiN,등급,3.0,3.0,0.0,"월09:00-10:30(E6 - 626), 목09:00-10:30(E6 - 626)",영어강의(Delivered in English)
42,기초학부,학사,ES725,01,에너지 재료 전산모사(이.공),장윤희,교선필수,교과,이론,기초공학,MIREBraiN,등급,3.0,3.0,0.0,"목15:00-16:30(E6 - 111), 금09:00-10:30(E6 - 111)",영어강의(Delivered in English)
43,기초학부,학사,ES733,01,촉매화학 (이.공),유종성,교선필수,교과,이론,기초공학,MIREBraiN,등급,3.0,3.0,0.0,"수13:30-15:00(E6 - 416), 목10:30-12:00(E6 - 416)",영어강의(Delivered in English)
44,기초학부,학사,ES900,01,Thesis (이.공),유종성,교선필수,연구(Thesis),이론,기초공학,MIREBraiN,S/U,1.0,5.0,0.0,금09:00-14:00(E7 - 233),
45,기초학부,학사,ES900,02,Thesis (이.공),장윤희,교선필수,연구(Thesis),이론,기초공학,MIREBraiN,S/U,1.0,5.0,0.0,금09:00-14:00(E7 - 233),
46,기초학부,학사,ES900,03,Thesis (이.공),홍승태,교선필수,연구(Thesis),이론,기초공학,MIREBraiN,S/U,1.0,5.0,0.0,금09:00-14:00(E7 - 233),
47,기초학부,학사,ES900,04,Thesis (이.공),이호춘,교선필수,연구(Thesis),이론,기초공학,MIREBraiN,S/U,1.0,5.0,0.0,금09:00-14:00(E7 - 233),
48,기초학부,학사,ES900,05,Thesis (이.공),이윤구,교선필수,연구(Thesis),이론,기초공학,MIREBraiN,S/U,1.0,5.0,0.0,금09:00-14:00(E7 - 233),
49,기초학부,학사,ES900,06,Thesis (이.공),상가라쥬샨무감,교선필수,연구(Thesis),이론,기초공학,MIREBraiN,S/U,1.0,5.0,0.0,금09:00-14:00(E7 - 233),
50,기초학부,학사,ES900,07,Thesis (이.공),이종수,교선필수,연구(Thesis),이론,기초공학,MIREBraiN,S/U,1.0,5.0,0.0,금09:00-14:00(E7 - 233),
51,기초학부,학사,ES900,08,Thesis (이.공),인수일,교선필수,연구(Thesis),이론,기초공학,MIREBraiN,S/U,1.0,5.0,0.0,금09:00-14:00(E7 - 233),
52,기초학부,학사,ES900,09,Thesis (이.공),이강택,교선필수,연구(Thesis),이론,기초공학,MIREBraiN,S/U,1.0,5.0,0.0,금09:00-14:00(E7 - 233),
53,기초학부,학사,ES900,10,Thesis (이.공),이용민,교선필수,연구(Thesis),이론,기초공학,MIREBraiN,S/U,1.0,5.0,0.0,금09:00-14:00(E7 - 233),
54,기초학부,학사,ES900,11,Thesis (이.공),정대성,교선필수,연구(Thesis),이론,기초공학,MIREBraiN,S/U,1.0,5.0,0.0,금09:00-14:00(E7 - 233),
55,기초학부,학사,ES900,12,Thesis (이.공),이주혁,교선필수,연구(Thesis),이론,기초공학,MIREBraiN,S/U,1.0,5.0,0.0,금09:00-14:00(E7 - 233),
56,기초학부,학사,ES900,13,Thesis (이.공),최종민,교선필수,연구(Thesis),이론,기초공학,MIREBraiN,S/U,1.0,5.0,0.0,금09:00-14:00(E7 - 233),
57,기초학부,학사,ES900,14,Thesis (이.공),양지웅,교선필수,연구(Thesis),이론,기초공학,MIREBraiN,S/U,1.0,5.0,0.0,금09:00-14:00(E7 - 233),
58,기초학부,학사,ES900,15,Thesis (이.공),박치영,교선필수,연구(Thesis),이론,기초공학,MIREBraiN,S/U,1.0,5.0,0.0,금09:00-14:00(E7 - 233),
59,기초학부,학사,HL101,01,비교역사학,김대륜,공통필수,교과,이론,인문소양,인문사회,S/U,3.0,3.0,0.0,"월10:30-12:00(E7 - L21), 목10:30-12:00(E7 - L21)",2014~2017학번만 신청 가능
60,기초학부,학사,HL101,02,비교역사학,김대륜,공통필수,교과,이론,인문소양,인문사회,S/U,3.0,3.0,0.0,"월14:30-16:00(E7 - L21), 목14:30-16:00(E7 - L21)",2014~2017학번만 신청 가능
61,기초학부,학사,HL101a,01,비교역사학,김대륜,공통필수,교과,이론,인문소양,인문사회,등급,3.0,3.0,0.0,"월10:30-12:00(E7 - L21), 목10:30-12:00(E7 - L21)",2018학번 이후 학번만 신청 가능
62,기초학부,학사,HL101a,02,비교역사학,김대륜,공통필수,교과,이론,인문소양,인문사회,등급,3.0,3.0,0.0,"월14:30-16:00(E7 - L21), 목14:30-16:00(E7 - L21)",2018학번 이후 학번만 신청 가능
63,기초학부,학사,HL104,01,음악 II - 합창,김진수,공통필수,교과,실습,인문소양,음악,S/U,1.0,0.0,2.0,월16:00-18:00(S1 - 301),
64,기초학부,학사,HL104,02,음악 II - 합창,김진수,공통필수,교과,실습,인문소양,음악,S/U,1.0,0.0,2.0,월18:30-20:30(S1 - 301),
65,기초학부,학사,HL104,03,음악 II - 보컬,김진수,공통필수,교과,실습,인문소양,음악,S/U,1.0,0.0,2.0,월20:30-22:30(S1 - 301),
66,기초학부,학사,HL104,04,음악 II - 바이올린,정진희,공통필수,교과,실습,인문소양,음악,S/U,1.0,0.0,2.0,월16:00-18:00(S1 - 303),
67,기초학부,학사,HL104,05,음악 II - 바이올린(심화),정진희,공통필수,교과,실습,인문소양,음악,S/U,1.0,0.0,2.0,월18:30-20:30(S1 - 303),
68,기초학부,학사,HL104,06,음악 II - 앙상블,정광준,공통필수,교과,실습,인문소양,음악,S/U,1.0,0.0,2.0,월16:00-18:00(S1 - 304),
69,기초학부,학사,HL104,07,음악 II - 첼로,정광준,공통필수,교과,실습,인문소양,음악,S/U,1.0,0.0,2.0,월18:30-20:30(S1 - 304),
70,기초학부,학사,HL104,08,음악 II - 클라리넷,나혜수,공통필수,교과,실습,인문소양,음악,S/U,1.0,0.0,2.0,월16:00-18:00(S1 - 305),
71,기초학부,학사,HL104,09,음악 II - 클라리넷,나혜수,공통필수,교과,실습,인문소양,음악,S/U,1.0,0.0,2.0,월18:30-20:30(S1 - 305),
72,기초학부,학사,HL104,10,음악 II - 피아노,송재경,공통필수,교과,실습,인문소양,음악,S/U,1.0,0.0,2.0,화16:00-18:00(S1 - 309),
73,기초학부,학사,HL104,11,음악 II - 피아노,송재경,공통필수,교과,실습,인문소양,음악,S/U,1.0,0.0,2.0,화18:30-20:30(S1 - 309),
74,기초학부,학사,HL104,12,음악 II - 피아노앙상블 (4 Hands),송재경,공통필수,교과,실습,인문소양,음악,S/U,1.0,0.0,2.0,수10:30-12:30(S1 - 309),
75,기초학부,학사,HL104,13,음악 II - 바이올린,이강원,공통필수,교과,실습,인문소양,음악,S/U,1.0,0.0,2.0,화18:30-20:30(S1 - 303),
76,기초학부,학사,HL104,14,음악 II - 바이올린,이강원,공통필수,교과,실습,인문소양,음악,S/U,1.0,0.0,2.0,화20:30-22:30(S1 - 304),
77,기초학부,학사,HL104,15,음악 II - 클래식 기타,박종호,공통필수,교과,실습,인문소양,음악,S/U,1.0,0.0,2.0,화16:00-18:00(S1 - 304),
78,기초학부,학사,HL104,16,음악 II - 클래식 기타,박종호,공통필수,교과,실습,인문소양,음악,S/U,1.0,0.0,2.0,화18:30-20:30(S1 - 304),
79,기초학부,학사,HL104,17,음악 II - 클래식 기타,박종호,공통필수,교과,실습,인문소양,음악,S/U,1.0,0.0,2.0,,
80,기초학부,학사,HL106,01,체육 II - 태권도 겨루기,이지훈,공통필수,교과,실습,인문소양,체육,S/U,1.0,0.0,2.0,목16:30-18:30(S1 - 108),
81,기초학부,학사,HL106,02,체육 II - 태권도 겨루기,김상명,공통필수,교과,실습,인문소양,체육,S/U,1.0,0.0,2.0,목16:30-18:30(S1 - 111),
82,기초학부,학사,HL106,03,체육 II - 태권도 겨루기,이지훈,공통필수,교과,실습,인문소양,체육,S/U,1.0,0.0,2.0,목18:30-20:30(S1 - 108),
83,기초학부,학사,HL106,04,체육 II - 태권도 겨루기,김상명,공통필수,교과,실습,인문소양,체육,S/U,1.0,0.0,2.0,목18:30-20:30(S1 - 111),
84,기초학부,학사,HL106,05,체육 II - 축구,이지훈,공통필수,교과,실습,인문소양,체육,S/U,1.0,0.0,2.0,수10:30-12:30(S1 - 301),
85,기초학부,학사,HL106,06,체육 II - 테니스,이지훈,공통필수,교과,실습,인문소양,체육,S/U,1.0,0.0,2.0,수14:00-16:00(S1 - 301),
86,기초학부,학사,HL106,07,체육 II - 테니스,이지훈,공통필수,교과,실습,인문소양,체육,S/U,1.0,0.0,2.0,수16:00-18:00(S1 - 301),
87,기초학부,학사,HL106,08,체육 II - 배드민턴,이지훈,공통필수,교과,실습,인문소양,체육,S/U,1.0,0.0,2.0,월16:30-18:30(S1 - 108),
88,기초학부,학사,HL106,09,체육 II - 배드민턴,이지훈,공통필수,교과,실습,인문소양,체육,S/U,1.0,0.0,2.0,월18:30-20:30(S1 - 108),
89,기초학부,학사,HL106,10,체육 II - 수영,강은석,공통필수,교과,실습,인문소양,체육,S/U,1.0,0.0,2.0,월15:00-17:00(S1 - 102),
90,기초학부,학사,HL106,11,체육 II - 수영,강은석,공통필수,교과,실습,인문소양,체육,S/U,1.0,0.0,2.0,월17:00-19:00(S1 - 102),
91,기초학부,학사,HL106,12,체육 II - 재활-웨이트트레이닝,김동규,공통필수,교과,실습,인문소양,체육,S/U,1.0,0.0,2.0,월16:30-18:30(S1 - 206),
92,기초학부,학사,HL106,13,체육 II - 재활-웨이트트레이닝,김동규,공통필수,교과,실습,인문소양,체육,S/U,1.0,0.0,2.0,월18:30-20:30(S1 - 206),
93,기초학부,학사,HL111,01,쓰기·읽기·말하기,임태훈,공통필수,교과,이론,인문소양,인문사회,S/U,3.0,3.0,0.0,"월10:30-12:00(E7 - G01), 수10:30-12:00(E7 - G01)",2014~2017학번만 신청 가능
94,기초학부,학사,HL111,02,쓰기·읽기·말하기,임태훈,공통필수,교과,이론,인문소양,인문사회,S/U,3.0,3.0,0.0,"월14:30-16:00(E7 - G02), 수14:30-16:00(E7 - G01)",2014~2017학번만 신청 가능
95,기초학부,학사,HL111,03,쓰기·읽기·말하기,임태훈,공통필수,교과,이론,인문소양,인문사회,S/U,3.0,3.0,0.0,"화10:30-12:00(E7 - G01), 목10:30-12:00(E7 - G01)",2014~2017학번만 신청 가능
96,기초학부,학사,HL111,04,쓰기·읽기·말하기,임태훈,공통필수,교과,이론,인문소양,인문사회,S/U,3.0,3.0,0.0,"화14:30-16:00(E7 - G01), 목14:30-16:00(E7 - G01)",2014~2017학번만 신청 가능
97,기초학부,학사,HL111a,01,쓰기·읽기·말하기,임태훈,공통필수,교과,이론,인문소양,인문사회,등급,3.0,3.0,0.0,"월10:30-12:00(E7 - G01), 수10:30-12:00(E7 - G01)",2018학번 이후 학번만 신청 가능
98,기초학부,학사,HL111a,02,쓰기·읽기·말하기,임태훈,공통필수,교과,이론,인문소양,인문사회,등급,3.0,3.0,0.0,"월14:30-16:00(E7 - G02), 수14:30-16:00(E7 - G01)",2018학번 이후 학번만 신청 가능
99,기초학부,학사,HL111a,03,쓰기·읽기·말하기,임태훈,공통필수,교과,이론,인문소양,인문사회,등급,3.0,3.0,0.0,"화10:30-12:00(E7 - G01), 목10:30-12:00(E7 - G01)",2018학번 이후 학번만 신청 가능
100,기초학부,학사,HL111a,04,쓰기·읽기·말하기,임태훈,공통필수,교과,이론,인문소양,인문사회,등급,3.0,3.0,0.0,화14:30-16:00(E7 - G01),2018학번 이후 학번만 신청 가능
101,기초학부,학사,HL203,01,English for Science Leaders II,Anna Rose Hull,공통필수,교과,이론,DGIST특성화,English for Science Leaders,S/U,2.0,3.0,0.0,"월10:30-12:00(E7 - L28), 수10:30-12:00(E7 - L28)",영어강의(Delivered in English)
102,기초학부,학사,HL203,02,English for Science Leaders II,Anna Rose Hull,공통필수,교과,이론,DGIST특성화,English for Science Leaders,S/U,2.0,3.0,0.0,"수13:00-14:30(E7 - L27), 금13:00-14:30(E7 - L27)",영어강의(Delivered in English)
103,기초학부,학사,HL203,03,English for Science Leaders II,Anna Rose Hull,공통필수,교과,이론,DGIST특성화,English for Science Leaders,S/U,2.0,3.0,0.0,"화14:00-15:30(E7 - L27), 목14:00-15:30(E7 - L27)",영어강의(Delivered in English)
104,기초학부,학사,HL203,04,English for Science Leaders II,Anna Rose Hull,공통필수,교과,이론,DGIST특성화,English for Science Leaders,S/U,2.0,3.0,0.0,"화10:30-12:00(E7 - L28), 목10:30-12:00(E7 - L28)",영어강의(Delivered in English)
105,기초학부,학사,HL203,05,English for Science Leaders II,Philip Johnson,공통필수,교과,이론,DGIST특성화,English for Science Leaders,S/U,2.0,3.0,0.0,"월13:00-14:30(E7 - L28), 수13:00-14:30(E7 - L28)",영어강의(Delivered in English)
106,기초학부,학사,HL203,06,English for Science Leaders II,Philip Johnson,공통필수,교과,이론,DGIST특성화,English for Science Leaders,S/U,2.0,3.0,0.0,"화14:00-15:30(E7 - 235), 금13:00-14:30(E7 - 235)",영어강의(Delivered in English)
107,기초학부,학사,HL203,07,English for Science Leaders II,Philip Johnson,공통필수,교과,이론,DGIST특성화,English for Science Leaders,S/U,2.0,3.0,0.0,"월10:30-12:00(E7 - 235), 목10:30-12:00(E7 - 235)",영어강의(Delivered in English)
108,기초학부,학사,HL203,08,English for Science Leaders II,Aaron Cumberledge,공통필수,교과,이론,DGIST특성화,English for Science Leaders,S/U,2.0,3.0,0.0,"화10:30-12:00(E7 - L27), 금10:30-12:00(E7 - L27)",영어강의(Delivered in English)
109,기초학부,학사,HL203,09,English for Science Leaders II,Aaron Cumberledge,공통필수,교과,이론,DGIST특성화,English for Science Leaders,S/U,2.0,3.0,0.0,"화14:00-15:30(E7 - L28), 금13:00-14:30(E7 - L28)",영어강의(Delivered in English)
110,기초학부,학사,HL203,10,English for Science Leaders II,Aaron Cumberledge,공통필수,교과,이론,DGIST특성화,English for Science Leaders,S/U,2.0,3.0,0.0,"월10:30-12:00(E7 - L27), 목10:30-12:00(E7 - L27)",영어강의(Delivered in English)
111,기초학부,학사,HL204,01,동서양 철학의 통시적 이해,김남두,공통필수,교과,이론,인문소양,인문사회,S/U,3.0,3.0,0.0,"월15:30-17:00(E7 - L20), 수14:30-16:00(E7 - L20)",동일과목 : (HL102) 동서양 철학의 통시적 이해 / 2014~2017학번만 신청 가능
112,기초학부,학사,HL204,02,동서양 철학의 통시적 이해,김남두,공통필수,교과,이론,인문소양,인문사회,S/U,3.0,3.0,0.0,"화15:30-17:00(E7 - L20), 목14:30-16:00(E7 - L20)",동일과목 : (HL102) 동서양 철학의 통시적 이해 / 2014~2017학번만 신청 가능
113,기초학부,학사,HL204a,01,동서양 철학의 통시적 이해,김남두,공통필수,교과,이론,인문소양,인문사회,등급,3.0,3.0,0.0,"월15:30-17:00(E7 - L20), 수14:30-16:00(E7 - L20)",2018학번 이후 학번만 신청 가능
114,기초학부,학사,HL204a,02,동서양 철학의 통시적 이해,김남두,공통필수,교과,이론,인문소양,인문사회,등급,3.0,3.0,0.0,"화15:30-17:00(E7 - L20), 목14:30-16:00(E7 - L20)",2018학번 이후 학번만 신청 가능
115,기초학부,학사,HL206,01,리더십(셀프리더십과 팀리더십) II,윤지성,공통필수,교과,이론,DGIST특성화,리더십,S/U,1.0,2.0,0.0,화16:00-18:00(E7 - 233),동일과목 : (HL110) 리더십(셀프리더십과 팀리더십) II
116,기초학부,학사,HL206,02,리더십(셀프리더십과 팀리더십) II,윤지성,공통필수,교과,이론,DGIST특성화,리더십,S/U,1.0,2.0,0.0,수16:00-18:00(E7 - 233),동일과목 : (HL110) 리더십(셀프리더십과 팀리더십) II
117,기초학부,학사,HL270a,01,융합탐구세미나 - 에너지,"남창훈, 이창훈, 김대륜, 이두석, 조희승, 이윤구",교선필수,교과,이론,DGIST특성화,융복합(UGRP/기타),S/U,2.0,2.0,0.0,화13:00-15:00(E7 - L20),
118,기초학부,학사,HL270a,02,융합탐구세미나 - Fundamentals of Innovation,OGAN GUREL,교선필수,교과,이론,DGIST특성화,융복합(UGRP/기타),S/U,2.0,2.0,0.0,금14:00-16:00(E7 - G01),영어강의(Delivered in English)
119,기초학부,학사,HL301,01,Scientific Writing,이정아,공통필수,교과,이론,DGIST특성화,Scientific Writing,S/U,2.0,2.0,0.0,목15:00-17:00(E7 - L28),영어강의(Delivered in English)
120,기초학부,학사,HL301,02,Scientific Writing,이정아,공통필수,교과,이론,DGIST특성화,Scientific Writing,S/U,2.0,2.0,0.0,월14:30-16:30(E7 - L28),영어강의(Delivered in English)
121,기초학부,학사,HL301,03,Scientific Writing,Anna Rose Hull,공통필수,교과,이론,DGIST특성화,Scientific Writing,S/U,2.0,2.0,0.0,월13:00-15:00(E7 - 235),영어강의(Delivered in English)
122,기초학부,학사,HL301,04,Scientific Writing,Philip Johnson,공통필수,교과,이론,DGIST특성화,Scientific Writing,S/U,2.0,2.0,0.0,월16:00-18:00(E7 - L27),영어강의(Delivered in English)
123,기초학부,학사,HL301,05,Scientific Writing,Philip Johnson,공통필수,교과,이론,DGIST특성화,Scientific Writing,S/U,2.0,2.0,0.0,화16:00-18:00(E7 - L28),영어강의(Delivered in English)
124,기초학부,학사,HL301,06,Scientific Writing,Aaron Cumberledge,공통필수,교과,이론,DGIST특성화,Scientific Writing,S/U,2.0,2.0,0.0,수10:00-12:00(E7 - L27),영어강의(Delivered in English)
125,기초학부,학사,HL301,07,Scientific Writing,Aaron Cumberledge,공통필수,교과,이론,DGIST특성화,Scientific Writing,S/U,2.0,2.0,0.0,목14:00-16:00(E7 - 235),영어강의(Delivered in English)
126,기초학부,학사,HL303,01,UGRP II - 약리 활성 물질의 경피 전달 전략 연구 및 전달물질 개발,이창훈,공통필수,교과,이론,DGIST특성화,융복합(UGRP/기타),S/U,3.0,3.0,0.0,금19:00-22:00(E7 - 233),
127,기초학부,학사,HL303,02,UGRP II - 나노입자를 이용한 고분해능 막단백질의 동적 거동의 관찰,"서대하, 이종찬",공통필수,교과,이론,DGIST특성화,융복합(UGRP/기타),S/U,3.0,3.0,0.0,금19:00-22:00(E7 - 233),
128,기초학부,학사,HL303,03,"UGRP II - 생체 활동성 증진을 위한 운동신경, 근육세포 제어 및 기전 연구",이윤일,공통필수,교과,이론,DGIST특성화,융복합(UGRP/기타),S/U,3.0,3.0,0.0,금19:00-22:00(E7 - 233),
129,기초학부,학사,HL303,04,UGRP II - 액션 카메라를 이용한 사회행동 중 생쥐 시점 분석 연구,최한경,공통필수,교과,이론,DGIST특성화,융복합(UGRP/기타),S/U,3.0,3.0,0.0,금19:00-22:00(E7 - 233),
130,기초학부,학사,HL303,05,UGRP II - 리만 제타함수의 이해,"안흥주, 이상철",공통필수,교과,이론,DGIST특성화,융복합(UGRP/기타),S/U,3.0,3.0,0.0,금19:00-22:00(E7 - 233),
131,기초학부,학사,HL303,06,"UGRP II - 일회용 플라스틱, 빨대를 위한 친환경 셀룰로오스, 지방산 유래 바이오매스 고분자 소재 개발","김성균, 정현숙",공통필수,교과,이론,DGIST특성화,융복합(UGRP/기타),S/U,3.0,3.0,0.0,금19:00-22:00(E7 - 233),
132,기초학부,학사,HL303,07,UGRP II - PDK1 활성 향상 기반 근기능 개선 물질 발굴,"이영삼, 조성천",공통필수,교과,이론,DGIST특성화,융복합(UGRP/기타),S/U,3.0,3.0,0.0,금19:00-22:00(E7 - 233),
133,기초학부,학사,HL303,08,UGRP II - 다공성 유무기하이브리드 소재 합성 및 이의 응용 연구,박진희,공통필수,교과,이론,DGIST특성화,융복합(UGRP/기타),S/U,3.0,3.0,0.0,금19:00-22:00(E7 - 233),
134,기초학부,학사,HL303,09,UGRP II - 노화에 의한 단백질 구조 변화와 그로 인해 나타나는 질병 기전 연구,김진해,공통필수,교과,이론,DGIST특성화,융복합(UGRP/기타),S/U,3.0,3.0,0.0,금19:00-22:00(E7 - 233),
135,기초학부,학사,HL303,10,UGRP II - 학부생을 위한 양자광학,이기준,공통필수,교과,이론,DGIST특성화,융복합(UGRP/기타),S/U,3.0,3.0,0.0,금19:00-22:00(E7 - 233),
136,기초학부,학사,HL303,11,UGRP II - 스트레스에 의한 해마 인지유연성 조절에 관한 행동학적 연구,오용석,공통필수,교과,이론,DGIST특성화,융복합(UGRP/기타),S/U,3.0,3.0,0.0,금19:00-22:00(E7 - 233),
137,기초학부,학사,HL303,12,UGRP II - 금속이온-유기리간드의 자기조립을 통한 다공성 분자구조체 합성 및 응용 연구,미배정,공통필수,교과,이론,DGIST특성화,융복합(UGRP/기타),S/U,3.0,3.0,0.0,금19:00-22:00(E7 - 233),
138,기초학부,학사,HL303,13,UGRP II - 휘어진 공간에서의 양자장론,조희승,공통필수,교과,이론,DGIST특성화,융복합(UGRP/기타),S/U,3.0,3.0,0.0,금19:00-22:00(E7 - 233),
139,기초학부,학사,HL303,14,UGRP II - 생체모방화학을 통한 생명화학 반응 연구 ,"정병혁, 조재흥",공통필수,교과,이론,DGIST특성화,융복합(UGRP/기타),S/U,3.0,3.0,0.0,금19:00-22:00(E7 - 233),
140,기초학부,학사,HL303,15,"UGRP II - 단백질분해와 세포노화의 기능적 연관성, 그리고 단백질 분해 조절 약물의 처리를 통한 세포노화 조절 연구",이병훈,공통필수,교과,이론,DGIST특성화,융복합(UGRP/기타),S/U,3.0,3.0,0.0,금19:00-22:00(E7 - 233),
141,기초학부,학사,HL303,16,UGRP II - 엑소좀 구성물질 분석을 통한 암줄기세포 기원과 암세포 초기발생과정 규명,조정아,공통필수,교과,이론,DGIST특성화,융복합(UGRP/기타),S/U,3.0,3.0,0.0,금19:00-22:00(E7 - 233),
142,기초학부,학사,HL303,17,UGRP II - 학생 심리검사에 활용 가능한 EEG/ECG 측정 장치 개발,"이창훈, 강원석",공통필수,교과,이론,DGIST특성화,융복합(UGRP/기타),S/U,3.0,3.0,0.0,금19:00-22:00(E7 - 233),
143,기초학부,학사,HL303,18,UGRP II - 나노 에너지의 개발과 메커니즘 이해(A),이신범,공통필수,교과,이론,DGIST특성화,융복합(UGRP/기타),S/U,3.0,3.0,0.0,금19:00-22:00(E7 - 233),
144,기초학부,학사,HL303,19,UGRP II - 나노 에너지의 개발과 메커니즘 이해(B),이신범,공통필수,교과,이론,DGIST특성화,융복합(UGRP/기타),S/U,3.0,3.0,0.0,금19:00-22:00(E7 - 233),
145,기초학부,학사,HL303,20,UGRP II - 운영 조건에 따른 리튬이차전지 열화 거동 분석 및 진단 기술 도출,이용민,공통필수,교과,이론,DGIST특성화,융복합(UGRP/기타),S/U,3.0,3.0,0.0,금19:00-22:00(E7 - 233),
146,기초학부,학사,HL303,21,UGRP II - 단펄스 광원을 활용한 internet of things (IoT) 응용 소자에 대한 연구,권혁준,공통필수,교과,이론,DGIST특성화,융복합(UGRP/기타),S/U,3.0,3.0,0.0,금19:00-22:00(E7 - 233),
147,기초학부,학사,HL303,22,UGRP II - 차세대에너지변환소자용 슈퍼이온전도성 고체전해질 신소재 개발,이강택,공통필수,교과,이론,DGIST특성화,융복합(UGRP/기타),S/U,3.0,3.0,0.0,금19:00-22:00(E7 - 233),
148,기초학부,학사,HL303,23,UGRP II - 자율주행 자동차를 위한 실시간 스케줄링 기술 개발 ,"좌훈승, 금대현",공통필수,교과,이론,DGIST특성화,융복합(UGRP/기타),S/U,3.0,3.0,0.0,금19:00-22:00(E7 - 233),
149,기초학부,학사,HL303,24,UGRP II - 곤충애벌레로부터 분리된 플라스틱 분해 장내 미생물을 이용한 친 환경 플라스틱 제거 기술 개발,김대환,공통필수,교과,이론,DGIST특성화,융복합(UGRP/기타),S/U,3.0,3.0,0.0,금19:00-22:00(E7 - 233),
150,기초학부,학사,HL303,25,UGRP II - 컴퓨터 시스템 보안의 이해와 안전한 컴퓨터 시스템 설계,김대훈,공통필수,교과,이론,DGIST특성화,융복합(UGRP/기타),S/U,3.0,3.0,0.0,금19:00-22:00(E7 - 233),
151,기초학부,학사,HL303,26,UGRP II - 자율주행자동차 센서 융합 및 통합 주행제어 알고리즘 개발,임용섭,공통필수,교과,이론,DGIST특성화,융복합(UGRP/기타),S/U,3.0,3.0,0.0,금19:00-22:00(E7 - 233),
152,기초학부,학사,HL303,27,UGRP II - 강화학습을 이용한 에너지 효율적인 초고밀도 네트워크 디자인,이제민,공통필수,교과,이론,DGIST특성화,융복합(UGRP/기타),S/U,3.0,3.0,0.0,금19:00-22:00(E7 - 233),
153,기초학부,학사,HL303,28,UGRP II - 3D 바이오프린터를 이용한 복합구동 (전기장 /자기장) 하이드로젤 마이크로로봇 제작,박석호,공통필수,교과,이론,DGIST특성화,융복합(UGRP/기타),S/U,3.0,3.0,0.0,금19:00-22:00(E7 - 233),
154,기초학부,학사,HL303,29,UGRP II - 고속 주행가능한 4족 로봇개발 연구,오세훈,공통필수,교과,이론,DGIST특성화,융복합(UGRP/기타),S/U,3.0,3.0,0.0,금19:00-22:00(E7 - 233),
155,기초학부,학사,HL303,30,UGRP II - 인지 감각형 후각 센서 개발,"문제일, 장재은",공통필수,교과,이론,DGIST특성화,융복합(UGRP/기타),S/U,3.0,3.0,0.0,금19:00-22:00(E7 - 233),
156,기초학부,학사,HL303,31,UGRP II - 고전하이동도 유기 반도체를 이용한 고선형동적범위 이미지 센서의 개발,정대성,공통필수,교과,이론,DGIST특성화,융복합(UGRP/기타),S/U,3.0,3.0,0.0,금19:00-22:00(E7 - 233),
157,기초학부,학사,HL303,32,UGRP II - 강화학습을 위한 meta-learning algorithm 개발,이두석,공통필수,교과,이론,DGIST특성화,융복합(UGRP/기타),S/U,3.0,3.0,0.0,금19:00-22:00(E7 - 233),
158,기초학부,학사,HL303,33,UGRP II - 탄성계수를 조절할 수 있는 추진기를 가지는 생체모방 수중 유영 로봇에 관한 연구,윤동원,공통필수,교과,이론,DGIST특성화,융복합(UGRP/기타),S/U,3.0,3.0,0.0,금19:00-22:00(E7 - 233),
159,기초학부,학사,HL303,34,UGRP II - 전기자동차 구동 시스템의 효율 향상에 관한 실험적 연구,임진우,공통필수,교과,이론,DGIST특성화,융복합(UGRP/기타),S/U,3.0,3.0,0.0,금19:00-22:00(E7 - 233),
160,기초학부,학사,HL303,35,UGRP II - 전상담 데이터 기반의 대화형 챗봇의 인터랙션 방식을 통한 챗봇의 설계 및 개발,"박종래, 신동훈",공통필수,교과,이론,DGIST특성화,융복합(UGRP/기타),S/U,3.0,3.0,0.0,금19:00-22:00(E7 - 233),
161,기초학부,학사,HL303,36,UGRP II - 산업용 로봇의 힘/위치 제어 연동 모션 제어 원천기술 연구,이승열,공통필수,교과,이론,DGIST특성화,융복합(UGRP/기타),S/U,3.0,3.0,0.0,금19:00-22:00(E7 - 233),
162,기초학부,학사,HL303,37,UGRP II - 빙판길에서 웨어러블 로봇의 보행 안정화 알고리즘 개발,오세훈,공통필수,교과,이론,DGIST특성화,융복합(UGRP/기타),S/U,3.0,3.0,0.0,금19:00-22:00(E7 - 233),
163,기초학부,학사,HL303,38,UGRP II - 항체공학을 이용한 차세대 면역 항암체 개발,예경무,공통필수,교과,이론,DGIST특성화,융복합(UGRP/기타),S/U,3.0,3.0,0.0,금19:00-22:00(E7 - 233),
164,기초학부,학사,HL303,39,UGRP II - 혁신사회의 탄생,김대륜,공통필수,교과,이론,DGIST특성화,융복합(UGRP/기타),S/U,3.0,3.0,0.0,금19:00-22:00(E7 - 233),
165,기초학부,학사,HL303,40,UGRP II - 과학관의 전시기획 연구 및 전시물 디자인을 위한 프로젝트 ,박종래,공통필수,교과,이론,DGIST특성화,융복합(UGRP/기타),S/U,3.0,3.0,0.0,금19:00-22:00(E7 - 233),
166,기초학부,학사,HL303,41,UGRP II - DGIST 일대 조류 모니터링의 시민참여과학 프로그램으로의 활용,"이상임, 이정아",공통필수,교과,이론,DGIST특성화,융복합(UGRP/기타),S/U,3.0,3.0,0.0,금19:00-22:00(E7 - 233),
167,기초학부,학사,HL303,42,UGRP II - 수강 신청 솔루션 개발,강효상,공통필수,교과,이론,DGIST특성화,융복합(UGRP/기타),S/U,3.0,3.0,0.0,금19:00-22:00(E7 - 233),
168,기초학부,학사,HL305,01,글로벌리더십 (리더십 실습) II,김학수,공통필수,교과,이론,DGIST특성화,리더십,S/U,1.0,2.0,0.0,목16:00-18:00(E7 - 242),
169,기초학부,학사,HL305,02,글로벌리더십 (리더십 실습) II,김학수,공통필수,교과,이론,DGIST특성화,리더십,S/U,1.0,2.0,0.0,금10:00-12:00(E7 - 242),
170,기초학부,학사,HL306,01,기업가 정신과 사회적 책임,임진우,공통필수,교과,이론및실습,인문소양,기술경영,S/U,3.0,2.0,1.0,월19:00-22:00(E7 - 242),동일과목 : (HL202) 기업가 정신과 사회적 책임
171,기초학부,학사,HL306a,01,기업가 정신과 사회적 책임,임진우,공통필수,교과,이론및실습,인문소양,기술경영,등급,3.0,2.0,1.0,월19:00-22:00(E7 - 242),
172,기초학부,학사,HL320,01,근대 사회와 사상,김대륜,교선필수,교과,이론,인문소양,인문사회,S/U,3.0,3.0,0.0,목19:00-22:00(E7 - G02),
173,기초학부,학사,HL321,01,현대 사회와 윤리,이상환,교선필수,교과,이론,인문소양,인문사회,S/U,3.0,3.0,0.0,목19:00-22:00(E7 - G01),
174,기초학부,학사,HL322,01,법과 사회,미배정,교선필수,교과,이론,인문소양,인문사회,S/U,3.0,3.0,0.0,"수14:30-16:00(E7 - 229), 목10:30-12:00(E7 - 229)",
175,기초학부,학사,HL323,01,동서양문학의 이해,미배정,교선필수,교과,이론,인문소양,인문사회,S/U,3.0,3.0,0.0,목09:30-12:30(E7 - L31),
176,기초학부,학사,HL324,01,소설의 이해,미배정,교선필수,교과,이론,인문소양,인문사회,S/U,3.0,3.0,0.0,목14:00-17:00(E7 - 229),
177,기초학부,학사,HL325,01,글로벌 정치경제,윤지성,교선필수,교과,이론,인문소양,인문사회,S/U,3.0,3.0,0.0,"화10:30-12:00(E7 - L20), 목13:00-14:30(E7 - L20)",
178,기초학부,학사,HL326,01,경제학 입문,미배정,교선필수,교과,이론,인문소양,인문사회,S/U,3.0,3.0,0.0,화14:30-17:30(E7 - 224),
179,기초학부,학사,HL327,01,과학기술과 현대사회,이준석,교선필수,교과,이론,인문소양,인문사회,S/U,3.0,3.0,0.0,수19:00-22:00(E7 - L21),
180,기초학부,학사,HL328,01,과학기술사의 주요장면,이준석,교선필수,교과,이론,인문소양,인문사회,S/U,3.0,3.0,0.0,화19:00-22:00(E7 - L21),
181,기초학부,학사,HL329,01,과학철학의 쟁점,이준석,교선필수,교과,이론,인문소양,인문사회,S/U,3.0,3.0,0.0,목19:00-22:00(E7 - L21),
182,기초학부,학사,HL330,01,인문사회과학 특강,미배정,교선필수,교과,이론,인문소양,인문사회,S/U,2.0,2.0,0.0,수10:30-12:30(E7 - 229),
183,기초학부,학사,HL330,02,인문사회과학 특강,미배정,교선필수,교과,이론,인문소양,인문사회,S/U,2.0,2.0,0.0,수10:30-12:30(E7 - 235),
184,기초학부,학사,HL331a,01,비판적 사고와 글쓰기,미배정,교선필수,교과,이론,인문소양,인문사회,S/U,3.0,3.0,0.0,월19:00-22:00(E7 - G01),
185,기초학부,학사,HL338,01,언어학입문,이정아,교선필수,교과,이론,인문소양,인문사회,S/U,3.0,3.0,0.0,화19:00-22:00(E7 - G02),
186,기초학부,학사,HL344,01,"인문학특강 - 마음, 두뇌, 컴퓨터 - 현대 심리철학",미배정,교선필수,교과,이론,인문소양,인문사회,S/U,3.0,3.0,0.0,수19:00-22:00(E7 - G01),
187,기초학부,학사,HL345,01,한국정치의 이해 ,윤지성,교선필수,교과,이론,인문소양,인문사회,S/U,3.0,3.0,0.0,"월10:30-12:00(E7 - G02), 수13:00-14:30(E7 - G02)",
188,기초학부,학사,HL346,01,한국 사회의 이해,미배정,교선필수,교과,이론,인문소양,인문사회,S/U,3.0,3.0,0.0,화14:30-17:30(E7 - 229),
189,기초학부,학사,HL370a,01,생체분자론(이론),남창훈,교선필수,교과,이론,DGIST특성화,융복합(UGRP/기타),등급,2.0,2.0,0.0,금13:00-15:00(E7 - L22),영어강의(Delivered in English)
190,기초학부,학사,HL370b,01,생체분자론(실습),남창훈,교선필수,교과,실습,DGIST특성화,융복합(UGRP/기타),등급,1.0,0.0,2.0,월15:30-17:30(E1 - 201),
191,기초학부,학사,HL472,01,UGRP Ⅳ - 팔라듐 촉매와 transient directing group을 이용한 sp3 C-H arylation 반응 연구,정병혁,교선필수,교과,이론,DGIST특성화,융복합(UGRP/기타),S/U,3.0,3.0,0.0,금19:00-22:00(E7 - 241),
192,기초학부,학사,HL472,02,UGRP Ⅳ - 사영공간에 대한 조합적 연구 및 컴퓨터 영상 분야에의 응용,한강진,교선필수,교과,이론,DGIST특성화,융복합(UGRP/기타),S/U,3.0,3.0,0.0,금19:00-22:00(E7 - 241),
193,기초학부,학사,HL472,03,UGRP Ⅳ - 휘어진 공간에서의 양자장론,조희승,교선필수,교과,이론,DGIST특성화,융복합(UGRP/기타),S/U,3.0,3.0,0.0,금19:00-22:00(E7 - 241),
194,기초학부,학사,HL472,04,UGRP Ⅳ - 병원성 프리온 신경세포 내 글루코스 대사회복 연구 ,김대환,교선필수,교과,이론,DGIST특성화,융복합(UGRP/기타),S/U,3.0,3.0,0.0,금19:00-22:00(E7 - 241),
195,기초학부,학사,HL472,05,UGRP Ⅳ - 금속촉매요소를 이용한 생체모방 화학에 관한 연구 ,"서대하, 조재흥",교선필수,교과,이론,DGIST특성화,융복합(UGRP/기타),S/U,3.0,3.0,0.0,금19:00-22:00(E7 - 241),
196,기초학부,학사,HL472,06,UGRP Ⅳ - 운영 조건에 따른 리튬이차전지 열화 거동 분석 및 진단 기술 도출,이용민,교선필수,교과,이론,DGIST특성화,융복합(UGRP/기타),S/U,3.0,3.0,0.0,금19:00-22:00(E7 - 241),
197,기초학부,학사,HL472,07,UGRP Ⅳ - 첨단 운전자 보조 시스템을 위한 실시간 스케줄링 기술 개발,"좌훈승, 금대현",교선필수,교과,이론,DGIST특성화,융복합(UGRP/기타),S/U,3.0,3.0,0.0,금19:00-22:00(E7 - 241),
198,기초학부,학사,HL472,08,UGRP Ⅳ - 동물원 동물의 복지 향상을 위한 시스템 개발(동물 먹이활동 개선을 위한 자동먹이공급 시스템 개발),"윤동원, 이상임",교선필수,교과,이론,DGIST특성화,융복합(UGRP/기타),S/U,3.0,3.0,0.0,금19:00-22:00(E7 - 241),
199,기초학부,학사,HL472,09,UGRP Ⅳ - 자율주행 트랙터용 다중 센서 융합 및 주행제어 알고리즘 개발,임용섭,교선필수,교과,이론,DGIST특성화,융복합(UGRP/기타),S/U,3.0,3.0,0.0,금19:00-22:00(E7 - 241),
200,기초학부,학사,HL472,10,UGRP Ⅳ - X선 결정학을 이용한 배터리 소재의 2가 이온 탈삽입 화학반응 연구,이호춘,교선필수,교과,이론,DGIST특성화,융복합(UGRP/기타),S/U,3.0,3.0,0.0,금19:00-22:00(E7 - 241),
201,기초학부,학사,HL472,11,UGRP Ⅳ - 컴퓨터 작업 효율화를 위한 개인화된 인공지능 기술 연구,김민수,교선필수,교과,이론,DGIST특성화,융복합(UGRP/기타),S/U,3.0,3.0,0.0,금19:00-22:00(E7 - 241),
202,기초학부,학사,HL472,12,UGRP Ⅳ - 딥러닝 기반 생물세포 홀로 그래픽 영상 세그멘테이션,문인규,교선필수,교과,이론,DGIST특성화,융복합(UGRP/기타),S/U,3.0,3.0,0.0,금19:00-22:00(E7 - 241),
203,기초학부,학사,HL472,13,UGRP Ⅳ - 존재론적 다양성과 한국의 과학 다양성,"이준석, 이정아",교선필수,교과,이론,DGIST특성화,융복합(UGRP/기타),S/U,3.0,3.0,0.0,금19:00-22:00(E7 - 241),
204,기초학부,학사,HL472,14,UGRP Ⅳ - 한국 생태주의의 새로운 함의,김대륜,교선필수,교과,이론,DGIST특성화,융복합(UGRP/기타),S/U,3.0,3.0,0.0,금19:00-22:00(E7 - 241),
205,기초학부,학사,HL472,15,UGRP Ⅳ - 수강 신청 알고리즘 개발,강효상,교선필수,교과,이론,DGIST특성화,융복합(UGRP/기타),S/U,3.0,3.0,0.0,금19:00-22:00(E7 - 241),
206,기초학부,학사,HL472,16,UGRP Ⅳ - 소형 실내 주행 로봇제작과 SLAM을 이용한 환경인식 및 자율주행 연구,임진우,교선필수,교과,이론,DGIST특성화,융복합(UGRP/기타),S/U,3.0,3.0,0.0,금19:00-22:00(E7 - 241),
207,기초학부,학사,HL474a,01,기술평가 실무,박재원,교선필수,교과,이론,DGIST특성화,비이공계리더,등급,3.0,3.0,0.0,월14:00-17:00(E7 - 241),
208,기초학부,학사,HL482,01,기술벤처 Ⅱ,임진우,교선필수,교과,이론,DGIST특성화,창업리더,등급,3.0,3.0,0.0,화19:00-22:00(E1 - 201),
209,기초학부,학사,IC567,01,EE:선형시스템 (이.공),김경대,교선필수,교과,이론,기초공학,MIREBraiN,등급,3.0,3.0,0.0,"월15:00-16:30(E3 - 113), 수15:00-16:30(E3 - 113)",영어강의(Delivered in English)
210,기초학부,학사,IC580,01,EE : 전자기기의 기초 (이.공) ,권혁준,교선필수,교과,이론,기초공학,MIREBraiN,등급,3.0,3.0,0.0,"월10:30-12:00(E3 - 626), 수10:30-12:00(E3 - 626)",영어강의(Delivered in English)
211,기초학부,학사,IC586,01, EE: 바이오 전자 개론(공),강홍기,교선필수,교과,이론,기초공학,MIREBraiN,등급,3.0,3.0,0.0,"화15:00-16:30(E3 - 626), 목15:00-16:30(E3 - 626)",영어강의(Delivered in English)
212,기초학부,학사,IC607,01,CS:운영체제 (이.공),김대훈,교선필수,교과,이론,기초공학,MIREBraiN,등급,3.0,3.0,0.0,"화13:30-15:00(E3 - 424), 목13:30-15:00(E3 - 424)",영어강의(Delivered in English) / C/C++ 프로그래밍이 가능한 학생만 수강할 것
213,기초학부,학사,IC667,01,EE&CSE: 컨벡스 최적화(이.공),박경준,교선필수,교과,이론,기초공학,MIREBraiN,등급,3.0,3.0,0.0,"월13:30-15:00(E3 - 424), 수13:30-15:00(E3 - 424)",영어강의(Delivered in English)
214,기초학부,학사,IC900,01,Thesis (이.공),강홍기,교선필수,연구(Thesis),이론,기초공학,MIREBraiN,S/U,1.0,5.0,0.0,금09:00-14:00(E7 - 233),
215,기초학부,학사,IC900,02,Thesis (이.공),궁재하,교선필수,연구(Thesis),이론,기초공학,MIREBraiN,S/U,1.0,5.0,0.0,금09:00-14:00(E7 - 233),
216,기초학부,학사,IC900,03,Thesis (이.공),권혁준,교선필수,연구(Thesis),이론,기초공학,MIREBraiN,S/U,1.0,5.0,0.0,금09:00-14:00(E7 - 233),
217,기초학부,학사,IC900,04,Thesis (이.공),김경대,교선필수,연구(Thesis),이론,기초공학,MIREBraiN,S/U,1.0,5.0,0.0,금09:00-14:00(E7 - 233),
218,기초학부,학사,IC900,05,Thesis (이.공),김대훈,교선필수,연구(Thesis),이론,기초공학,MIREBraiN,S/U,1.0,5.0,0.0,금09:00-14:00(E7 - 233),
219,기초학부,학사,IC900,06,Thesis (이.공),김민수,교선필수,연구(Thesis),이론,기초공학,MIREBraiN,S/U,1.0,5.0,0.0,금09:00-14:00(E7 - 233),
220,기초학부,학사,IC900,07,Thesis (이.공),박경준,교선필수,연구(Thesis),이론,기초공학,MIREBraiN,S/U,1.0,5.0,0.0,금09:00-14:00(E7 - 233),
221,기초학부,학사,IC900,08,Thesis (이.공),은용순,교선필수,연구(Thesis),이론,기초공학,MIREBraiN,S/U,1.0,5.0,0.0,금09:00-14:00(E7 - 233),
222,기초학부,학사,IC900,09,Thesis (이.공),이성진,교선필수,연구(Thesis),이론,기초공학,MIREBraiN,S/U,1.0,5.0,0.0,금09:00-14:00(E7 - 233),
223,기초학부,학사,IC900,10,Thesis (이.공),이정협,교선필수,연구(Thesis),이론,기초공학,MIREBraiN,S/U,1.0,5.0,0.0,금09:00-14:00(E7 - 233),
224,기초학부,학사,IC900,11,Thesis (이.공),이제민,교선필수,연구(Thesis),이론,기초공학,MIREBraiN,S/U,1.0,5.0,0.0,금09:00-14:00(E7 - 233),
225,기초학부,학사,IC900,12,Thesis (이.공),장재은,교선필수,연구(Thesis),이론,기초공학,MIREBraiN,S/U,1.0,5.0,0.0,금09:00-14:00(E7 - 233),
226,기초학부,학사,IC900,13,Thesis (이.공),조성현,교선필수,연구(Thesis),이론,기초공학,MIREBraiN,S/U,1.0,5.0,0.0,금09:00-14:00(E7 - 233),
227,기초학부,학사,IC900,14,Thesis (이.공),좌훈승,교선필수,연구(Thesis),이론,기초공학,MIREBraiN,S/U,1.0,5.0,0.0,금09:00-14:00(E7 - 233),
228,기초학부,학사,IC900,15,Thesis (이.공),최지웅,교선필수,연구(Thesis),이론,기초공학,MIREBraiN,S/U,1.0,5.0,0.0,금09:00-14:00(E7 - 233),
229,기초학부,학사,IC900,16,Thesis (이.공),최지환,교선필수,연구(Thesis),이론,기초공학,MIREBraiN,S/U,1.0,5.0,0.0,금09:00-14:00(E7 - 233),
230,기초학부,학사,IC900,17,Thesis (이.공),황재윤,교선필수,연구(Thesis),이론,기초공학,MIREBraiN,S/U,1.0,5.0,0.0,금09:00-14:00(E7 - 233),
231,기초학부,학사,NB513,01,고급 세포 생물학 (이),"우혜련, 임평옥",교선필수,교과,이론,기초공학,MIREBraiN,등급,3.0,3.0,0.0,"화10:30-12:00(E7 - 234), 목10:30-12:00(E7 - 234)",영어강의(Delivered in English)
232,기초학부,학사,NB516,01,고급 생화학(이),"이영삼, 김진해",교선필수,교과,이론,기초공학,MIREBraiN,등급,3.0,3.0,0.0,"수09:00-10:30(E4 - 606), 금10:30-12:00(E4 - 606)",영어강의(Delivered in English)
233,기초학부,학사,NB526,01,세포신호전달과 생명 연속성 (이),곽준명,교선필수,교과,이론,기초공학,MIREBraiN,등급,3.0,3.0,0.0,수13:00-16:00(E4 - 606),영어강의(Delivered in English)
234,기초학부,학사,NB529,01,생물통계학 (이),김종경,교선필수,교과,이론,기초공학,MIREBraiN,등급,3.0,3.0,0.0,"화10:30-12:00(E4 - 606), 목10:30-12:00(E4 - 606)",영어강의(Delivered in English)
235,기초학부,학사,NB542,01,생물 의학 (이),이재민,교선필수,교과,이론,기초공학,MIREBraiN,등급,3.0,3.0,0.0,"월10:30-12:00(E4 - 606), 수10:30-12:00(E4 - 606)",영어강의(Delivered in English)
236,기초학부,학사,NB544,01,식물유전공학 (이) ,"임평옥, 우혜련",교선필수,교과,이론,기초공학,MIREBraiN,등급,3.0,3.0,0.0,"월13:30-15:00(E4 - 606), 목13:30-15:00(E4 - 606)",영어강의(Delivered in English)
237,기초학부,학사,NB551,01,단분자 생물물리 (이),이종찬,교선필수,교과,이론,기초공학,MIREBraiN,등급,3.0,3.0,0.0,금13:00-16:00(E6 - 621),영어강의(Delivered in English)
238,기초학부,학사,NB553,01,질량분석과 단백체학(이),김민식,교선필수,교과,이론,기초공학,MIREBraiN,등급,3.0,3.0,0.0,화19:00-22:00(E6 - 626),영어강의(Delivered in English)
239,기초학부,학사,NB606,01,중개 의학 개론(이.공),김민석,교선필수,교과,이론,기초공학,MIREBraiN,등급,3.0,3.0,0.0,월15:00-18:00(E4 - 606),영어강의(Delivered in English)
240,기초학부,학사,NB607,01,생명과학도를 위한 주요 질환 소개(이.공),정영태,교선필수,교과,이론,기초공학,MIREBraiN,등급,3.0,3.0,0.0,"화15:00-16:30(E4 - 606), 목15:00-16:30(E4 - 606)",영어강의(Delivered in English)
241,기초학부,학사,NB900,01,Thesis (이.공),임평옥,교선필수,연구(Thesis),이론,기초공학,MIREBraiN,S/U,1.0,5.0,0.0,금09:00-14:00(E7 - 233),영어강의(Delivered in English)
242,기초학부,학사,NB900,02,Thesis (이.공),김민석,교선필수,연구(Thesis),이론,기초공학,MIREBraiN,S/U,1.0,5.0,0.0,금09:00-14:00(E7 - 233),영어강의(Delivered in English)
243,기초학부,학사,NB900,03,Thesis (이.공),김민식,교선필수,연구(Thesis),이론,기초공학,MIREBraiN,S/U,1.0,5.0,0.0,금09:00-14:00(E7 - 233),영어강의(Delivered in English)
244,기초학부,학사,RT512,01,생체신호 측정 및 처리(공),홍재성,교선필수,교과,이론,기초공학,MIREBraiN,등급,3.0,3.0,0.0,"월13:00-14:30(E5 - 115), 수13:00-14:30(E5 - 115)",영어강의(Delivered in English)
245,기초학부,학사,RT623,01,"나노과학 기술입문(이,공)",김회준,교선필수,교과,이론,기초공학,MIREBraiN,등급,3.0,3.0,0.0,"화13:00-14:30(E5 - 425), 목13:00-14:30(E5 - 425)",영어강의(Delivered in English)
246,기초학부,학사,RT624,01,모터시스템제어(공),오세훈,교선필수,교과,이론,기초공학,MIREBraiN,등급,3.0,3.0,0.0,"월14:30-16:00(E5 - 116), 수14:30-16:00(E5 - 116)",영어강의(Delivered in English)
247,기초학부,학사,RT900,01,Thesis (이.공),김소희,교선필수,연구(Thesis),이론,기초공학,MIREBraiN,S/U,1.0,5.0,0.0,금09:00-14:00(E7 - 233),
248,기초학부,학사,RT900,02,Thesis (이.공),김종현,교선필수,연구(Thesis),이론,기초공학,MIREBraiN,S/U,1.0,5.0,0.0,금09:00-14:00(E7 - 233),
249,기초학부,학사,RT900,03,Thesis (이.공),김회준,교선필수,연구(Thesis),이론,기초공학,MIREBraiN,S/U,1.0,5.0,0.0,금09:00-14:00(E7 - 233),
250,기초학부,학사,RT900,04,Thesis (이.공),문인규,교선필수,연구(Thesis),이론,기초공학,MIREBraiN,S/U,1.0,5.0,0.0,금09:00-14:00(E7 - 233),
251,기초학부,학사,RT900,05,Thesis (이.공),박상현,교선필수,연구(Thesis),이론,기초공학,MIREBraiN,S/U,1.0,5.0,0.0,금09:00-14:00(E7 - 233),
252,기초학부,학사,RT900,06,Thesis (이.공),박석호,교선필수,연구(Thesis),이론,기초공학,MIREBraiN,S/U,1.0,5.0,0.0,금09:00-14:00(E7 - 233),
253,기초학부,학사,RT900,07,Thesis (이.공),송철,교선필수,연구(Thesis),이론,기초공학,MIREBraiN,S/U,1.0,5.0,0.0,금09:00-14:00(E7 - 233),
254,기초학부,학사,RT900,08,Thesis (이.공),오세훈,교선필수,연구(Thesis),이론,기초공학,MIREBraiN,S/U,1.0,5.0,0.0,금09:00-14:00(E7 - 233),
255,기초학부,학사,RT900,09,Thesis (이.공),윤동원,교선필수,연구(Thesis),이론,기초공학,MIREBraiN,S/U,1.0,5.0,0.0,금09:00-14:00(E7 - 233),
256,기초학부,학사,RT900,10,Thesis (이.공),이상훈,교선필수,연구(Thesis),이론,기초공학,MIREBraiN,S/U,1.0,5.0,0.0,금09:00-14:00(E7 - 233),
257,기초학부,학사,RT900,11,Thesis (이.공),이옥균,교선필수,연구(Thesis),이론,기초공학,MIREBraiN,S/U,1.0,5.0,0.0,금09:00-14:00(E7 - 233),
258,기초학부,학사,RT900,12,Thesis (이.공),장경인,교선필수,연구(Thesis),이론,기초공학,MIREBraiN,S/U,1.0,5.0,0.0,금09:00-14:00(E7 - 233),
259,기초학부,학사,RT900,13,Thesis (이.공),최홍수,교선필수,연구(Thesis),이론,기초공학,MIREBraiN,S/U,1.0,5.0,0.0,금09:00-14:00(E7 - 233),
260,기초학부,학사,RT900,14,Thesis (이.공),홍재성,교선필수,연구(Thesis),이론,기초공학,MIREBraiN,S/U,1.0,5.0,0.0,금09:00-14:00(E7 - 233),
261,기초학부,학사,SE102a,01,다변수 미적분학,안흥주,공통필수,교과,이론및실습,기초과학,수학,등급,3.0,3.0,1.0,"월13:00-14:30(E7 - L21), 수13:00-14:30(E7 - L21), 목13:00-14:00(E3 - 320)","동일과목 : (SE102) 다변수 미적분학, (SE114) 다변수 미적분학 연습"
262,기초학부,학사,SE102a,02,다변수 미적분학,한강진,공통필수,교과,이론및실습,기초과학,수학,등급,3.0,3.0,1.0,"화16:00-17:30(E7 - L22), 목13:00-14:00(E3 - 317), 목16:30-18:00(E7 - L22)","동일과목 : (SE102) 다변수 미적분학, (SE114) 다변수 미적분학 연습"
263,기초학부,학사,SE102a,03,다변수 미적분학,강효상,공통필수,교과,이론및실습,기초과학,수학,등급,3.0,3.0,1.0,"월16:30-18:00(E7 - 223), 목13:00-14:00(E3 - 318), 목16:30-18:00(E7 - 223)","동일과목 : (SE102) 다변수 미적분학, (SE114) 다변수 미적분학 연습"
264,기초학부,학사,SE102a,04,다변수 미적분학,이두석,공통필수,교과,이론및실습,기초과학,수학,등급,3.0,3.0,1.0,"월16:30-18:00(E7 - 224), 목13:00-14:00(E5 - 221), 목16:30-18:00(E7 - 224)","동일과목 : (SE102) 다변수 미적분학, (SE114) 다변수 미적분학 연습"
265,기초학부,학사,SE105,01,전자기학,조희승,공통필수,교과,이론,기초과학,물리,등급,3.0,3.0,0.0,"월13:00-14:30(E7 - L22), 수13:00-14:30(E7 - L22)",
266,기초학부,학사,SE105,02,전자기학,조희승,공통필수,교과,이론,기초과학,물리,등급,3.0,3.0,0.0,"수09:00-10:30(E7 - L22), 금09:00-10:30(E7 - L22)",
267,기초학부,학사,SE105a,01,전자기학-심화,윤춘섭,공통필수,교과,이론,기초과학,물리,등급,3.0,3.0,0.0,"수09:00-10:30(E7 - 223), 금09:00-10:30(E7 - 223)",
268,기초학부,학사,SE105b,01,전자기학-기초,박기성,공통필수,교과,이론,기초과학,물리,등급,3.0,3.0,0.0,"수09:00-10:30(E7 - L21), 금09:00-10:30(E7 - L21)",
269,기초학부,학사,SE106,01,전자기학실험,미배정,공통필수,교과,실습,기초과학,물리,등급,1.0,0.0,2.0,월10:00-12:00(E2 - 218),
270,기초학부,학사,SE106,02,전자기학실험,미배정,공통필수,교과,실습,기초과학,물리,등급,1.0,0.0,2.0,월12:30-14:30(E2 - 219),
271,기초학부,학사,SE106,03,전자기학실험,미배정,공통필수,교과,실습,기초과학,물리,등급,1.0,0.0,2.0,화12:30-14:30(E2 - 219),
272,기초학부,학사,SE106,04,전자기학실험,미배정,공통필수,교과,실습,기초과학,물리,등급,1.0,0.0,2.0,화16:00-18:00(E2 - 219),
273,기초학부,학사,SE106,05,전자기학실험,박기성,공통필수,교과,실습,기초과학,물리,등급,1.0,0.0,2.0,월10:00-12:00(E2 - 219),
274,기초학부,학사,SE106,06,전자기학실험,조희승,공통필수,교과,실습,기초과학,물리,등급,1.0,0.0,2.0,화12:30-14:30(E2 - 218),
275,기초학부,학사,SE106,07,전자기학실험,조희승,공통필수,교과,실습,기초과학,물리,등급,1.0,0.0,2.0,목10:00-12:00(E2 - 219),
276,기초학부,학사,SE108a,01,기초화학실험,미배정,공통필수,교과,실습,기초과학,화학,등급,1.0,0.0,2.0,화10:00-12:00(E6 - 221),동일과목 : (SE108) 기초화학실험 I
277,기초학부,학사,SE108a,02,기초화학실험,미배정,공통필수,교과,실습,기초과학,화학,등급,1.0,0.0,2.0,화12:30-14:30(E6 - 221),동일과목 : (SE108) 기초화학실험 I
278,기초학부,학사,SE108a,03,기초화학실험,미배정,공통필수,교과,실습,기초과학,화학,등급,1.0,0.0,2.0,화16:00-18:00(E6 - 221),동일과목 : (SE108) 기초화학실험 I
279,기초학부,학사,SE108a,04,기초화학실험,미배정,공통필수,교과,실습,기초과학,화학,등급,1.0,0.0,2.0,금10:30-12:30(E6 - 221),동일과목 : (SE108) 기초화학실험 I
280,기초학부,학사,SE108a,05,기초화학실험,미배정,공통필수,교과,실습,기초과학,화학,등급,1.0,0.0,2.0,금13:00-15:00(E6 - 221),동일과목 : (SE108) 기초화학실험 I
281,기초학부,학사,SE108a,06,기초화학실험,미배정,공통필수,교과,실습,기초과학,화학,등급,1.0,0.0,2.0,금16:00-18:00(E6 - 221),동일과목 : (SE108) 기초화학실험 I
282,기초학부,학사,SE108a,07,기초화학실험,미배정,공통필수,교과,실습,기초과학,화학,등급,1.0,0.0,2.0,목14:30-16:30(E6 - 221),동일과목 : (SE108) 기초화학실험 I
283,기초학부,학사,SE108a,08,기초화학실험,미배정,공통필수,교과,실습,기초과학,화학,등급,1.0,0.0,2.0,월14:00-16:00(E6 - 221),동일과목 : (SE108) 기초화학실험 I
284,기초학부,학사,SE108a,09,기초화학실험,미배정,공통필수,교과,실습,기초과학,화학,등급,1.0,0.0,2.0,수13:30-15:30(E6 - 221),동일과목 : (SE108) 기초화학실험 I
285,기초학부,학사,SE108a,10,기초화학실험,미배정,공통필수,교과,실습,기초과학,화학,등급,1.0,0.0,2.0,목10:00-12:00(E6 - 221),동일과목 : (SE108) 기초화학실험 I
286,기초학부,학사,SE109,01,화학 반응의 이해,김성균,공통필수,교과,이론,기초과학,화학,등급,3.0,3.0,0.0,"화10:30-12:00(E7 - L21), 금10:30-12:00(E7 - L21)",
287,기초학부,학사,SE109,02,화학 반응의 이해,정현숙,공통필수,교과,이론,기초과학,화학,등급,3.0,3.0,0.0,"화13:00-14:30(E7 - L31), 금13:00-14:30(E7 - L31)",
288,기초학부,학사,SE109,03,화학 반응의 이해,정현숙,공통필수,교과,이론,기초과학,화학,등급,3.0,3.0,0.0,"화10:30-12:00(E7 - L31), 금10:30-12:00(E7 - L31)",
289,기초학부,학사,SE109,04,화학 반응의 이해,남창훈,공통필수,교과,이론,기초과학,화학,등급,3.0,3.0,0.0,"수10:30-12:00(E7 - L22), 금10:30-12:00(E7 - L22)",
290,기초학부,학사,SE111,01,분자와 생명현상,조정아,공통필수,교과,이론,기초과학,생물,등급,3.0,3.0,0.0,"화14:30-16:00(E7 - 223), 목14:30-16:00(E7 - 223)",
291,기초학부,학사,SE111,02,분자와 생명현상,"조정아, 이상임",공통필수,교과,이론,기초과학,생물,등급,3.0,3.0,0.0,"월14:30-16:00(E7 - L22), 수14:30-16:00(E7 - L22)",
292,기초학부,학사,SE111a,01,분자와 생명현상-심화,이창훈,공통필수,교과,이론,기초과학,생물,등급,3.0,3.0,0.0,"월14:30-16:00(E7 - 224), 수14:30-16:00(E7 - 224)",
293,기초학부,학사,SE111b,01,분자와 생명현상-기초,이상임,공통필수,교과,이론,기초과학,생물,등급,3.0,3.0,0.0,"화14:30-16:00(E7 - L22), 목14:30-16:00(E7 - L22)",
294,기초학부,학사,SE112,01,분자와 생명현상 실험,이창훈,공통필수,교과,실습,기초과학,생물,등급,1.0,0.0,2.0,화16:00-18:00(E4 - 225),
295,기초학부,학사,SE112,02,분자와 생명현상 실험,조정아,공통필수,교과,실습,기초과학,생물,등급,1.0,0.0,2.0,월10:00-12:00(E4 - 225),
296,기초학부,학사,SE112,03,분자와 생명현상 실험,김대환,공통필수,교과,실습,기초과학,생물,등급,1.0,0.0,2.0,화10:00-12:00(E4 - 225),
297,기초학부,학사,SE112,04,분자와 생명현상 실험,김태호,공통필수,교과,실습,기초과학,생물,등급,1.0,0.0,2.0,수10:30-12:30(E4 - 225),
298,기초학부,학사,SE112,05,분자와 생명현상 실험,김태호,공통필수,교과,실습,기초과학,생물,등급,1.0,0.0,2.0,수13:30-15:30(E4 - 225),
299,기초학부,학사,SE112,06,분자와 생명현상 실험,김태호,공통필수,교과,실습,기초과학,생물,등급,1.0,0.0,2.0,수16:00-18:00(E4 - 225),
300,기초학부,학사,SE112,07,분자와 생명현상 실험,이창훈,공통필수,교과,실습,기초과학,생물,등급,1.0,0.0,2.0,목14:30-16:30(E4 - 225),
301,기초학부,학사,SE118,01,디자인 사고,박종래,공통필수,교과,이론,기초공학,디자인 사고,등급,3.0,3.0,0.0,월09:30-12:30(E7 - 237),동일과목 : (SE302) 디자인공학
302,기초학부,학사,SE118,02,디자인 사고,박종래,공통필수,교과,이론,기초공학,디자인 사고,등급,3.0,3.0,0.0,화15:30-18:30(E7 - 237),동일과목 : (SE302) 디자인공학
303,기초학부,학사,SE202b,01,복합 공학 수학,이두석,공통필수,교과,이론및실습,기초과학,수학,등급,3.0,3.0,1.0,"월09:00-10:30(E7 - 224), 월13:30-14:30(E3 - 320), 수09:00-10:30(E7 - 224)","동일과목 : (SE202) 복합 공학 수학, (SE209) 복합 공학 수학 연습 / 2014~2017학번에 한하여 신청 가능"
304,기초학부,학사,SE202b,02,복합 공학 수학,안소영,공통필수,교과,이론및실습,기초과학,수학,등급,3.0,3.0,1.0,"월13:30-14:30(E3 - 317), 화13:00-14:30(E7 - L22), 목13:00-14:30(E7 - L22)","동일과목 : (SE202) 복합 공학 수학, (SE209) 복합 공학 수학 연습 / 2014~2017학번에 한하여 신청 가능"
305,기초학부,학사,SE202c,01,복합 공학 수학 - 심화,한강진,공통필수,교과,이론및실습,기초과학,수학,등급,3.0,3.0,1.0,"월13:30-14:30(E3 - 318), 화10:30-12:00(E7 - L22), 목10:30-12:00(E7 - L22)","동일과목 : (SE202a) 복합 공학 수학 - 심화, (SE209a) 복합 공학 수학 연습  - 심화 / 2014~2017학번만 신청 가능"
306,기초학부,학사,SE206a,01,확률과 통계 및 실습,김주한,공통필수,교과,이론및실습,기초과학,수학,등급,3.0,3.0,1.0,"월09:00-11:00(E7 - 242), 수09:00-11:00(E7 - 242)","동일과목 : (SE206) 확률과 통계(이론), (SE211) 확률과 통계(실습) / 2018학번 이후 학번만 신청 가능"
307,기초학부,학사,SE206a,02,확률과 통계 및 실습,김주한,공통필수,교과,이론및실습,기초과학,수학,등급,3.0,3.0,1.0,"월15:30-17:30(E7 - 242), 수13:00-15:00(E7 - 242)","동일과목 : (SE206) 확률과 통계(이론), (SE211) 확률과 통계(실습) / 2018학번 이후 학번만 신청 가능"
308,기초학부,학사,SE211a,01,확률과 통계 및 실습,김주한,공통필수,교과,이론및실습,기초공학,통계,등급,3.0,3.0,1.0,"월09:00-11:00(E7 - 242), 수09:00-11:00(E7 - 242)","동일과목 : (SE206) 확률과 통계(이론), (SE211) 확률과 통계(실습) / 2014~2017학번만 신청 가능"
309,기초학부,학사,SE211a,02,확률과 통계 및 실습,김주한,공통필수,교과,이론및실습,기초공학,통계,등급,3.0,3.0,1.0,"월15:30-17:30(E7 - 242), 수13:00-15:00(E7 - 242)","동일과목 : (SE206) 확률과 통계(이론), (SE211) 확률과 통계(실습) / 2014~2017학번만 신청 가능"
310,기초학부,학사,SE212,01,세포와 생명현상,김대환,공통필수,교과,이론,기초과학,생물,등급,2.0,2.0,0.0,수10:00-12:00(E7 - 241),2014~2017학번만 신청 가능
311,기초학부,학사,SE214a,01,자동제어시스템(이론),임용섭,공통필수,교과,이론,기초공학,자동제어,등급,2.0,2.0,0.0,월10:00-12:00(E7 - L22),"동일과목 : (SE301) 자동제어시스템, (SE301a) 자동제어시스템(이론)"
312,기초학부,학사,SE214a,02,자동제어시스템(이론),장평훈,공통필수,교과,이론,기초공학,자동제어,등급,2.0,2.0,0.0,화10:00-12:00(E7 - 223),"동일과목 : (SE301) 자동제어시스템, (SE301a) 자동제어시스템(이론)"
313,기초학부,학사,SE214a,03,자동제어시스템(이론),장평훈,공통필수,교과,이론,기초공학,자동제어,등급,2.0,2.0,0.0,월16:00-18:00(E7 - L22),"동일과목 : (SE301) 자동제어시스템, (SE301a) 자동제어시스템(이론)"
314,기초학부,학사,SE214a,04,자동제어시스템(이론),임용섭,공통필수,교과,이론,기초공학,자동제어,등급,2.0,2.0,0.0,화16:00-18:00(E7 - 223),"동일과목 : (SE301) 자동제어시스템, (SE301a) 자동제어시스템(이론)"
315,기초학부,학사,SE214b,01,자동제어시스템(실습),최경호,공통필수,교과,실습,기초공학,자동제어,등급,1.0,0.0,2.0,수13:00-15:00(E5 - 220A),"동일과목 : (SE301) 자동제어시스템, (SE301b) 자동제어시스템(실습)"
316,기초학부,학사,SE214b,02,자동제어시스템(실습),김찬용,공통필수,교과,실습,기초공학,자동제어,등급,1.0,0.0,2.0,수13:00-15:00(E5 - 220B),"동일과목 : (SE301) 자동제어시스템, (SE301b) 자동제어시스템(실습)"
317,기초학부,학사,SE214b,03,자동제어시스템(실습),최경호,공통필수,교과,실습,기초공학,자동제어,등급,1.0,0.0,2.0,수16:00-18:00(E5 - 220A),"동일과목 : (SE301) 자동제어시스템, (SE301b) 자동제어시스템(실습)"
318,기초학부,학사,SE214b,04,자동제어시스템(실습),김찬용,공통필수,교과,실습,기초공학,자동제어,등급,1.0,0.0,2.0,수16:00-18:00(E5 - 220B),"동일과목 : (SE301) 자동제어시스템, (SE301b) 자동제어시스템(실습)"
319,기초학부,학사,SE214b,05,자동제어시스템(실습),최경호,공통필수,교과,실습,기초공학,자동제어,등급,1.0,0.0,2.0,목13:00-15:00(E5 - 220A),"동일과목 : (SE301) 자동제어시스템, (SE301b) 자동제어시스템(실습)"
320,기초학부,학사,SE214b,06,자동제어시스템(실습),임용섭,공통필수,교과,실습,기초공학,자동제어,등급,1.0,0.0,2.0,목13:00-15:00(E5 - 220B),"동일과목 : (SE301) 자동제어시스템, (SE301b) 자동제어시스템(실습)"
321,기초학부,학사,SE214b,07,자동제어시스템(실습),최경호,공통필수,교과,실습,기초공학,자동제어,등급,1.0,0.0,2.0,목16:00-18:00(E5 - 220A),"동일과목 : (SE301) 자동제어시스템, (SE301b) 자동제어시스템(실습)"
322,기초학부,학사,SE214b,08,자동제어시스템(실습),임용섭,공통필수,교과,실습,기초공학,자동제어,등급,1.0,0.0,2.0,목16:00-18:00(E5 - 220B),"동일과목 : (SE301) 자동제어시스템, (SE301b) 자동제어시스템(실습)"
323,기초학부,학사,SE221c,01,복소함수론 (이.공),한강진,교선필수,교과,이론및실습,기초과학,수학,등급,3.0,3.0,1.0,"월13:30-14:30(E3 - 318), 화10:30-12:00(E7 - L22), 목10:30-12:00(E7 - L22)","동일과목 : (SE221) 복합 공학 수학 – 심화 (이), (SE221a) 복합 공학 수학 - 심화 연습 (이), (SE221b) 복합 공학 수학 – 심화 (이) / 2018학번 이후 학번만 신청 가능"
324,기초학부,학사,SE222c,01,"복합 공학 수학 (이, 공)",이두석,교선필수,교과,이론및실습,기초과학,수학,등급,3.0,3.0,1.0,"월09:00-10:30(E7 - 224), 수09:00-10:30(E7 - 224)","동일과목 : (SE222) 복합 공학 수학 (이), (SE222a) 복합 공학 수학 연습 (이), (SE222b) 복합 공학 수학 (이)  / 2018학번 이후 학번만 신청 가능"
325,기초학부,학사,SE222c,02,"복합 공학 수학 (이, 공)",안소영,교선필수,교과,이론및실습,기초과학,수학,등급,3.0,3.0,1.0,"월13:30-14:30(E3 - 317), 화13:00-14:30(E7 - L22), 목13:00-14:30(E7 - L22)","동일과목 : (SE222) 복합 공학 수학 (이), (SE222a) 복합 공학 수학 연습 (이), (SE222b) 복합 공학 수학 (이)  / 2018학번 이후 학번만 신청 가능"
326,기초학부,학사,SE232a,01,열 및 통계 물리 (이.공),강준구,교선필수,교과,이론,기초과학,물리,등급,3.0,3.0,0.0,"화10:30-12:00(E7 - 242), 목10:30-12:00(E7 - 242)","동일과목 : (SE232) 열 및 통계 물리(이론) (이.공), (SE234) 열 및 통계 물리(실습) (이.공)"
327,기초학부,학사,SE237,01,전기역학(이.공),이기준,교선필수,교과,이론,기초과학,물리,등급,3.0,3.0,0.0,"월09:00-10:30(E7 - L31), 금09:00-10:30(E7 - L31)",
328,기초학부,학사,SE245c,01,유기화학의 이해 (이),미배정,교선필수,교과,이론,기초과학,화학,등급,3.0,3.0,0.0,,"동일과목 : (SE243) 유기화학의 이해(이론) (이), (SE244) 유기화학의 이해(실습) (이), (SE245a) 유기화학의 이해(이론) (이), (SE245b) 유기화학의 이해(실습) (이) /  2014~2017학번만 신청 가능"
329,기초학부,학사,SE245e,01,유기화학 Ⅱ (이),정병혁,교선필수,교과,이론,기초과학,화학,등급,3.0,3.0,0.0,"월10:30-12:00(E7 - 223), 목10:30-12:00(E7 - 223)","동일과목 : (SE345) 유기반응의 이해 (이), (SE345a) 유기화학 Ⅱ (이) / 2018학번 이후 학번만 신청 가능"
330,기초학부,학사,SE246d,01,무기화학 Ⅰ (이),김성균,교선필수,교과,이론,기초과학,화학,등급,3.0,3.0,0.0,"화13:00-14:30(E7 - 224), 금13:00-14:30(E7 - 224)","동일과목 : (SE240) 합성으로 이루어진 세상(이), (SE246a) 합성으로 이루어진 세상(이론) (이), (SE246b) 합성으로 이루어진 세상(실습) (이), (SE246c) 합성으로 이루어진 세상 (이)"
331,기초학부,학사,SE248a,01,물리화학Ⅰ (이),장윤희,교선필수,교과,이론,기초과학,화학,등급,3.0,3.0,0.0,"목13:00-14:30(E7 - 224), 금14:30-16:00(E7 - 224)","동일과목 : (SE248) 화학속의 물리학 (이), (SE340) 화학속의 물리학 (이)"
332,기초학부,학사,SE249b,01,화학공학개론 (공),이용민,교선필수,교과,이론,기초과학,화학,등급,3.0,3.0,0.0,"월13:00-14:30(E6 - 620), 수10:30-12:00(E6 - 620)",
333,기초학부,학사,SE252,01,생명과학실험 II (이),김대환,교선필수,교과,실습,기초과학,생물,등급,3.0,0.0,6.0,"화19:00-22:00(E4 - 226), 목13:00-16:00(E4 - 226)",
334,기초학부,학사,SE252,02,생명과학실험 II (이),이상임,교선필수,교과,실습,기초과학,생물,등급,3.0,0.0,6.0,"월19:00-22:00(E4 - 226), 수09:00-12:00(E4 - 226)",
335,기초학부,학사,SE253,01,유전자의 구조와 발현(이),"우혜련, 임평옥, 김규형, 이성배",교선필수,교과,이론,기초과학,생물,등급,3.0,3.0,0.0,화15:00-18:00(E7 - 241),
336,기초학부,학사,SE253,02,유전자의 구조와 발현(이),"우혜련, 임평옥, 김규형, 이성배",교선필수,교과,이론,기초과학,생물,등급,3.0,3.0,0.0,목15:00-18:00(E7 - 241),
337,기초학부,학사,SE271,01,객체지향 프로그래밍 (이.공),신동훈,교선필수,교과,이론,기초공학,MIREBraiN,등급,3.0,3.0,0.0,"화16:30-18:00(E7 - L31), 목16:30-18:00(E7 - L31)",동일과목 : (SE375) 객체지향 프로그래밍 (이.공)
338,기초학부,학사,SE272,01,디자인 기획과 전략(공),박종래,교선필수,교과,이론,기초공학,MIREBraiN,등급,3.0,3.0,0.0,"월15:30-17:00(E7 - 237), 수13:00-14:30(E7 - 237)",
339,기초학부,학사,SE324a,01,수치해석 (이.공),안소영,교선필수,교과,이론,기초과학,수학,등급,3.0,3.0,0.0,"화10:30-12:00(E7 - 224), 목10:30-12:00(E7 - 224)","동일과목 : (SE324) 수치해석 (이.공), (SE422) 수치해석 (이.공)"
340,기초학부,학사,SE325,01,편미분 방정식 (이.공),안흥주,교선필수,교과,이론,기초과학,수학,등급,3.0,3.0,0.0,"화13:00-14:30(E7 - G02), 목16:30-18:00(E7 - G02)",
341,기초학부,학사,SE327a,01,고급대수 (이),한강진,교선필수,교과,이론,기초과학,수학,등급,3.0,3.0,0.0,"월16:00-17:30(E7 - G02), 수09:00-10:30(E7 - G02)",동일과목 : (SE327) 수학특강(이) / 영어강의(Delivered in English)
342,기초학부,학사,SE328,01,위상수학(이),강효상,교선필수,교과,이론,기초과학,수학,등급,3.0,3.0,0.0,"월13:00-14:30(E7 - L31), 수10:30-12:00(E7 - L31)",영어강의(Delivered in English)
343,기초학부,학사,SE333a,01,양자역학의 응용 (이.공),박기성,교선필수,교과,이론,기초과학,물리,등급,3.0,3.0,0.0,"화16:30-18:00(E7 - G01), 목13:00-14:30(E7 - G01)",동일과목 : (SE333) 양자역학과 나노물리 (이.공) / 영어강의(Delivered in English)
344,기초학부,학사,SE334a,01,고체물리 (이.공),윤춘섭,교선필수,교과,이론,기초과학,물리,등급,3.0,3.0,0.0,"월16:30-18:00(E7 - L21), 수14:30-16:00(E7 - L30)",동일과목 : (SE334) 고체의 성질 (이) / 영어강의(Delivered in English)
345,기초학부,학사,SE336,01,응용물리 실험(이.공),"박기성, 이기준",교선필수,교과,실습,기초과학,물리,등급,2.0,0.0,4.0,수19:00-23:00(E2 - 219),
346,기초학부,학사,SE345,01,유기반응의 이해 (이),미배정,교선필수,교과,이론,기초과학,화학,등급,3.0,3.0,0.0,,영어강의(Delivered in English) / 2014~2017학번만 신청 가능
347,기초학부,학사,SE346b,01,심화화학실험 Ⅱ (물리.무기화학)(이),"김성균, 정현숙",교선필수,교과,실습,기초과학,화학,등급,2.0,0.0,4.0,월12:30-16:30(E6 - 222),
348,기초학부,학사,SE346b,02,심화화학실험 Ⅱ (물리.무기화학)(이),"김성균, 정현숙",교선필수,교과,실습,기초과학,화학,등급,2.0,0.0,4.0,목13:00-17:00(E6 - 222),
349,기초학부,학사,SE350,01,생명과학특강 I (이),예경무,교선필수,교과,이론,기초과학,생물,등급,3.0,3.0,0.0,"월13:00-14:30(E7 - L20), 수13:00-14:30(E7 - L20)",
350,기초학부,학사,SE354,01,생명현상의 정량적 이해 (이),"장익수, 유우경, 이창훈",교선필수,교과,이론,기초과학,생물,등급,3.0,3.0,0.0,"월10:30-12:00(E7 - 224), 수10:30-12:00(E7 - 224)",
351,기초학부,학사,SE356,01,인체의 구조와 질병 (이),김진,교선필수,교과,이론,기초과학,생물,등급,3.0,3.0,0.0,"수14:30-16:00(E7 - G02), 목09:00-10:30(E7 - G02)",
352,기초학부,학사,SE358,01,분자생물학(이),"엄지원, 김진해, 이영삼",교선필수,교과,이론,기초과학,생물,등급,3.0,3.0,0.0,"화10:30-12:00(E7 - 241), 금10:30-12:00(E7 - 241)",
353,기초학부,학사,SE364,01,전기전자 공학 Ⅱ (이.공),이제민,교선필수,교과,이론,기초공학,MIREBraiN,등급,3.0,3.0,0.0,"월16:30-18:00(E3 - 112), 수16:30-18:00(E3 - 112)",영어강의(Delivered in English)
354,기초학부,학사,SE367,01,동역학 (공),박석호,교선필수,교과,이론,기초공학,MIREBraiN,등급,3.0,3.0,0.0,"월09:00-10:30(E5 - 425), 수09:00-10:30(E5 - 425)",영어강의(Delivered in English)
355,기초학부,학사,SE374b,01,신경과학 Ⅱ (이),김경진,교선필수,교과,이론,기초공학,MIREBraiN,등급,3.0,3.0,0.0,"월10:30-12:00(E7 - 241), 목10:30-12:00(E7 - 241)",
356,기초학부,학사,SE376,01,데이터베이스개론(공),미배정,교선필수,교과,이론,기초공학,MIREBraiN,등급,3.0,3.0,0.0,,
357,기초학부,학사,SE378,01,의공학개론 (공),"이상훈, 박상현, 최홍수, 오세훈",교선필수,교과,이론,기초공학,MIREBraiN,등급,3.0,3.0,0.0,"월13:00-14:30(E5 - 425), 수13:00-14:30(E5 - 425)",영어강의(Delivered in English)
358,기초학부,학사,SE380,01,컴퓨터 알고리즘 (이.공),좌훈승,교선필수,교과,이론,기초공학,MIREBraiN,등급,3.0,3.0,0.0,"월13:30-15:00(E7 - 223), 수13:30-15:00(E7 - 223)",동일과목 : (SE361) 컴퓨터 공학 Ⅰ (이.공)  / 영어강의(Delivered in English)
359,기초학부,학사,SE383,01,공학적설계(공),"최경호, 신동훈, 임용섭",교선필수,교과,이론,기초공학,MIREBraiN,등급,3.0,3.0,0.0,수09:00-12:00(E5 - 220A),영어강의(Delivered in English)
360,기초학부,학사,SE386,01,시스템의 통합적 모델링(공) ,장평훈,교선필수,교과,이론,기초공학,MIREBraiN,등급,3.0,3.0,0.0,"화14:30-16:00(E7 - G02), 목14:30-16:00(E7 - G02)",영어강의(Delivered in English)
361,기초학부,학사,SE388,01,기구학(공),윤동원,교선필수,교과,이론,기초공학,MIREBraiN,등급,3.0,3.0,0.0,"화09:00-10:30(E5 - 116), 목09:00-10:30(E5 - 116)",영어강의(Delivered in English)
362,기초학부,학사,SE389,01,인공지능 입문(이.공) ,문인규,교선필수,교과,이론,기초공학,MIREBraiN,등급,3.0,3.0,0.0,"월10:30-12:00(E5 - 425), 수10:30-12:00(E5 - 425)",영어강의(Delivered in English)
363,기초학부,학사,SE389,02,인공지능 입문(이.공) ,박상현,교선필수,교과,이론,기초공학,MIREBraiN,등급,3.0,3.0,0.0,"화10:30-12:00(E5 - 116), 목10:30-12:00(E5 - 116)",영어강의(Delivered in English)
364,기초학부,학사,SE423,01,비선형 동력계(이.공),"이두석, 안흥주",교선필수,교과,이론,기초과학,수학,등급,3.0,3.0,0.0,"화16:00-17:30(E7 - G02), 목10:30-12:00(E7 - G02)",
365,기초학부,학사,SE425a,01,응용수학특론 (이.공) - 행렬군 및 응용,강효상,교선필수,교과,이론,기초과학,수학,등급,3.0,3.0,0.0,"월10:30-12:00(E7 - L31), 화14:30-16:00(E7 - L31)",동일과목 : (SE425) 응용수학방법론 (이.공) / 영어강의(Delivered in English)
366,기초학부,학사,SE434,01,응용물리특론(이.공),조창희,교선필수,교과,이론,기초과학,물리,등급,3.0,3.0,0.0,"월15:00-16:30(E7 - 235), 수15:00-16:30(E7 - 235)",영어강의(Delivered in English)
367,기초학부,학사,SE451,01,감염과 면역 (이),조정아,교선필수,교과,이론,기초과학,생물,등급,3.0,3.0,0.0,"화10:30-12:00(E7 - G03), 목10:30-12:00(E7 - G03)",영어강의(Delivered in English)
368,기초학부,학사,SE473,01,고체반응속도론(이.공),류한일,교선필수,교과,이론,기초공학,MIREBraiN,등급,3.0,3.0,0.0,"화16:30-18:00(E7 - L21), 수10:30-12:00(E7 - L21)",
369,기초학부,학사,SE475,01,기계유체역학(공),장경인,교선필수,교과,이론,기초공학,MIREBraiN,등급,3.0,3.0,0.0,"월10:30-12:00(E5 - 116), 수10:30-12:00(E5 - 116)",영어강의(Delivered in English)